CREATE TABLE events (
    event_id INTEGER PRIMARY KEY AUTOINCREMENT,
    event_name TEXT NOT NULL,
    event_date DATE NOT NULL,
    location TEXT NOT NULL
);

CREATE TABLE users (
    user_id INTEGER PRIMARY KEY AUTOINCREMENT,
    username TEXT NOT NULL,
    email TEXT NOT NULL UNIQUE
);

CREATE TABLE tickets (
    ticket_id INTEGER PRIMARY KEY AUTOINCREMENT,
    event_id INTEGER,
    user_id INTEGER,
    ticket_count INTEGER NOT NULL,
    FOREIGN KEY (event_id) REFERENCES events (event_id),
    FOREIGN KEY (user_id) REFERENCES users (user_id)
);

INSERT INTO events (event_id, event_name, event_date, location)
VALUES 
(8, "Eras", "2024-12-18", "Bridgewater"), 
(9, "Bruins", "2024-12-12", "TDGarden"),
(10, "Celtics", "2024-12-14", "TDGarden"),
(11, "Delta Generators", "2024-12-14", "Spire Center"),
(12, "Delta Generators", "2025-1-11", "The Cut"),
(13, "Delta Generators", "2025-1-17", "Bull Run"),
(14, "LukHash", "2024-3-16", "Worcester"),
(15, "Normandie", "2024-4-20", "Bridgewater"),
(16, "Celtics", "2024-12-19", "TDGarden"),
(17, "Celtics", "2024-12-25", "Dallas"),
(18, "Celtics", "2024-12-27", "Orlando"),
(19, "Celtics", "2024-12-29", "TDGarden"),
(20, "Celtics", "2024-12-31", "TDGarden"),
(21, "Bruins", "2024-12-21", "Buffalo"),
(22, "Bruins", "2024-12-23", "Columbus"),
(23, "Bruins", "2024-12-28", "TDGarden"),
(24, "Drake", "2025-2-28", "Toronto"),
(25, "Drake", "2025-3-5", "Montreal"),
(26, "Teminite", "2024-6-5", "Spire Center"),
(27, "21Savage", "2024-5-6", "Spire Center"),
(28, "Arianna Grande", "2024-5-8", "The Cut"),
(29, "Arianna Grande", "2024-8-16", "Bull Run"),
(30, "Patriots", "2024-8-19", "Gillette Stadium"),
(31, "Patriots", "2024-8-28", "Dallas"),
(32, "Patriots", "2024-9-4", "Gillette Stadium"),
(33, "Pink!", "2024-6-17", "Gillette Stadium"),
(34, "Pink!", "2024-12-1", "Montreal"),
(35, "Pink!", "2024-5-3", "Toronto"),
(36, "Patriots", "2024-10-12", "Oakland"),
(37, "Eras", "2024-5-13", "Orlando"),
(38, "Eras", "2024-5-15", "Oakland"),
(39, "Eras", "2024-5-18", "Gillette Stadium"),
(40, "Red Sox", "2024-9-30", "Fenway"),
(41, "Red Sox", "2024-4-29", "Oakland"),
(42, "Red Sox", "2024-6-9", "Fenway"),
(43, "Bruins", "2024-1-1", "Fenway"),
(44, "Eras", "2024-10-11", "Fenway"),
(45, "NCUR", "2024-5-6", "Philadelphia"),
(46, "Bruins", "2025-2-1", "Philadelphia"),
(47, "Beyonce", "2025-1-1", "Worcester"),
(48, "Beyonce", "2025-1-7", "Bridgewater"),
(49, "Post Malone", "2024-7-16", "Buffalo"),
(50, "Post Malone", "2024-8-15", "Montreal");

INSERT INTO users (user_id, username, email)
VALUES 
(1, "Some One", "someone123@gmail.com"), 
(2, "Dasher Comet", "dasher87@gmail.com"),
(3, "Gracie Juarez", "GJuarez24@gmail.com"),
(4, "Issac Carpenter", "Carp00@gmail.com"),
(5, "Miya Lin", "MiyaLin4@gmail.com"),
(6, "Fred Kirby", "FredHKirby@gmail.com"),
(7, "Louis Norris", "louisnorris@gmail.com"),
(8, "Deanna Simon", "deanna4simon@gmail.com"),
(9, "Larry Ash", "LarryAshley7@gmail.com"),
(10, "Rafael Lambert", "RafLam@gmail.com"),
(11, "Reilly Angelina", "angelinareilly6@gmail.com"),
(12, "Aleksander Wolf", "aleksanderWolf@gmail.com"),
(13, "Oleksander Lysi", "OlekL5@gmail.com"),
(14, "Brad Emmy", "BradE10@gmail.com"),
(15, "Mike Caruso", "mcaruso3@gmail.com"),
(16, "Jakob Ali", "JakobAli56@gmail.com"),
(17, "Scarlett Gholman", "scarlettgholman@gmail.com"),
(18, "Bowman Macie", "Bowmanmacie8@gmail.com"),
(19, "Harrison Li", "HarrisonLi0@gmail.com"),
(20, "Peggy Coffey", "PeggyCoffey1@gmail.com"),
(21, "Fred Clark", "FredClark02@gmail.com"),
(22, "Fynn Lowery", "fynnlowery65@gmail.com"),
(23, "Lilly-Rose Barnett", "lillyrosebarnett@gmail.com"),
(24, "Jayden Larson", "jaydenlarson@gmail.com"),
(25, "Milly Small", "millysmall@gmail.com"),
(26, "Theresa Jackson", "TheresaJackson8@gmail.com"),
(27, "Tasneem Rubio", "TasneemR7@gmail.com"),
(28, "Calum Hancock", "CHancock8@gmail.com"),
(29, "Callie Cotton", "CallieCotton8@gmail.com"),
(30, "Anjali Hawk", "AnjaliHawkins@gmail.com"),
(31, "Lucy Yoder", "lucyYod@gmail.com"),
(32, "Bethan Weeks", "BethWeeks55@gmail.com"),
(33, "Leighton Hutchinson", "leightHutch76@gmail.com"),
(34, "Marjorie Sweeney", "MarSweeney90@gmail.com"),
(35, "Milton Valdez", "MiltonValdez@gmail.com"),
(36, "Kayleigh Humphrey", "kayHumphrey98@gmail.com"),
(37, "Malakai Duffy", "malduff6@gmail.com"),
(38, "Hari Sparks", "harisparks0@gmail.com"),
(39, "Alisha Collins", "aligcollins@gmail.com"),
(40, "Laila Stafford", "lailastafford@gmail.com"),
(41, "Idris Mann", "IdMann2@gmail.com"),
(42, "Emma Blackwell", "emblackwell4@gmail.com"),
(43, "Clyde Howard", "clydehoward@gmail.com"),
(44, "Andrea Clements", "andreatclements@gmail.com"),
(45, "Riya Wang", "RiWang7@gmail.com"),
(46, "Edith Benson", "edithbenson@gmail.com"),
(47, "Romeo Hughes", "romeohughes5@gmail.com"),
(48, "Lillian Santos", "lillSan45@gmail.com"),
(49, "Liam Woodward", "LiamWood@gmail.com"),
(50, "Maisie Buckley", "maisbuck1@gmail.com");

INSERT INTO tickets (ticket_id, event_id, user_id, ticket_count)
VALUES 
(1, 2, 2, 3), 
(2, 1, 1, 4),
(3, 10, 8, 2),
(4, 9, 4, 1),
(5, 5, 5, 5),
(6, 3, 3, 2),
(7, 4, 10, 6),
(8, 7, 6, 5),
(9, 6, 7, 1),
(10, 8, 9, 1),
(11, 12, 44, 5),
(12, 18, 36, 7),
(13, 29, 24, 6),
(14, 26, 14, 5),
(15, 50, 30, 6),
(16, 44, 20, 4),
(17, 24, 42, 9),
(18, 26, 26, 6),
(19, 15, 18, 2),
(20, 46, 49, 4),
(21, 19, 46, 8),
(22, 42, 12, 2),
(23, 33, 50, 9),
(24, 7, 16, 3),
(25, 46, 29, 6),
(26, 40, 13, 10),
(27, 2, 41, 10),
(28, 17, 45, 3),
(29, 25, 17, 2),
(30, 24, 25, 6),
(31, 27, 15, 3),
(32, 48, 43, 2),
(33, 19, 37, 7),
(34, 40, 47, 2),
(35, 41, 35, 5),
(36, 36, 27, 7),
(37, 32, 21, 3),
(38, 6, 38, 6),
(39, 33, 23, 8),
(40, 14, 34, 4),
(41, 50, 19, 9),
(42, 50, 16, 4),
(43, 15, 11, 1),
(44, 4, 48, 7),
(45, 25, 31, 4),
(46, 20, 32, 2),
(47, 38, 33, 5),
(48, 48, 28, 9),
(49, 43, 40, 6),
(50, 40, 22, 4);

SELECT event_name, event_date, location, SUM(ticket_count) AS ticket_total FROM events INNER JOIN tickets USING (event_id) WHERE location LIKE 'Buffalo';
SELECT * FROM events INNER JOIN tickets USING (event_id);